﻿aimag,station_nam,index,lat,lon,hhh
Архангай,Тариат,229,48.15708,99.87585,2060.0
Архангай,Эрдэнэмандал,237,48.53,101.38,1509.0
Архангай,Түвшрүүлэх,281,47.3869171,101.908585,1618.0
Архангай,Цэцэрлэг,282,47.4714127,101.462929,1691.0
Архангай,Батцэнгэл,501,47.7934036,101.962372,1427.0
Архангай,Булган,502,47.32,101.13,1923.0
Архангай,Жаргалант,503,48.7232933,100.766876,1602.0
Архангай,Өгийнуур,505,47.6647377,102.54792,1348.0
Архангай,Өлзийт,506,48.1005249,102.558258,1298.0
Архангай,Өндөр-Улаан,507,48.05,100.52,1935.0
Архангай,Хайрхан,509,48.6,101.93,1352.0
Архангай,Хангай,510,47.85334,99.42847,2134.0
Архангай,Хашаат,511,47.4472656,103.140572,1292.0
Архангай,Хотонт,512,47.36386,102.464668,1455.0
Архангай,Цэцэрлэг,514,48.8908043,101.240608,1714.0
Архангай,Чулуут,515,47.53621,100.22596,2030.0
Архангай,Цахир,517,48.1131,99.13656,2116.0
Баян-Өлгий,Баяннуур,200,48.9394875,91.16165,1350.0
Баян-Өлгий,Ногооннуур,210,49.6141853,90.2483444,1480.0
Баян-Өлгий,Өлгий,214,48.98003,89.93844,1715.0
Баян-Өлгий,Ялалт,217,48.2991447,89.51517,2148.0
Баян-Өлгий,Дэлүүн,261,47.86258,90.69703,2160.0
Баян-Өлгий,Дөчинжил,263,46.93016,91.08183,1951.0
Баян-Өлгий,Буянт,529,48.58189,89.5473557,1950.0
Баян-Өлгий,Сагсай,530,48.9053268,89.6553955,1750.0
Баян-Өлгий,Толбо,531,48.4105,90.29921,2111.0
Баян-Өлгий,Улаанхус,532,49.0407,89.43104,1750.0
Баян-Өлгий,Цэнгэл,533,48.9427261,89.14272,1873.0
Баян-Өлгий,Даян,534,48.2715,88.88782,2230.0
Баянхонгор,Хөх нуур,273,47.22157,98.5753,2431.0
Баянхонгор,Баянбулаг,275,46.81211,98.08706,2261.0
Баянхонгор,Байдраг,276,47.01647,99.47955,2027.0
Баянхонгор,Галуут,284,46.7020836,100.142807,2128.0
Баянхонгор,Баянхонгор,287,46.17375,100.709862,1859.0
Баянхонгор,Баянцагаан,326,45.0124435,98.9332,2027.0
Баянхонгор,Жинст,329,44.54536,99.27247,2220.0
Баянхонгор,Хориулт,334,45.1943626,100.777084,1280.0
Баянхонгор,Баянговь,337,44.74811,100.39933,1620.0
Баянхонгор,Эхийнгол,366,43.244133,99.0075455,974.0
Баянхонгор,Баянсайр,545,45.5570831,99.42903,1330.0
Баянхонгор,Гурванбулаг,546,47.2218056,98.5701141,2430.0
Баянхонгор,Баянлиг,548,44.54028,100.828224,1341.0
Баянхонгор,Баян-Өндөр,550,44.8001938,98.65203,2381.0
Баянхонгор,Бөмбөгөр,553,46.2110558,99.60475,2023.0
Баянхонгор,Бууцагаан,554,46.1785545,98.69317,1910.0
Баянхонгор,Бодь,555,45.4139442,100.571808,1390.0
Баянхонгор,Заг,556,46.93,99.13,
Баянхонгор,Хүрээмарал,558,46.4132767,98.28508,2085.0
Баянхонгор,Эрдэнэцогт,559,46.41942,100.830917,2030.0
Баянхонгор,Шаргалжуут,560,46.3424149,101.219414,2150.0
Булган,Тэшиг,205,49.9355049,102.667076,1020.0
Булган,Хутаг,232,49.3937035,102.709839,912.0
Булган,Ингэттолгой,233,49.4556122,103.977478,800.0
Булган,Могод,235,48.2691154,102.969017,1439.0
Булган,Булган,239,48.81822,103.5189,1219.0
Булган,Гурванбулаг,283,47.7445,103.481277,1093.0
Булган,Баян-Агт,571,49.0412865,102.091293,1524.0
Булган,Бугат,572,49.0593224,103.6737,1222.0
Булган,Бүрэгхангай,573,48.2518425,103.86795,1291.0
Булган,Дашинчилэн,574,47.84726,104.043594,1018.0
Булган,Орхон,576,48.6247978,103.548592,1066.0
Булган,Сайхан,577,48.6584549,102.6234,1480.0
Булган,Хангал,580,49.3208351,104.379654,1041.0
Булган,Хишиг-Өндөр,581,48.2966232,103.427055,1309.0
Булган,Баяннуур,582,47.8312073,104.448608,970.0
Булган,Рашаант,583,47.37289,103.948311,1366.0
Өвөрхангай,Хужирт,285,46.9004173,102.771667,1650.0
Өвөрхангай,Арвайхээр,288,46.25906,102.789345,1813.0
Өвөрхангай,Баян-Өндөр,289,46.4984436,104.112144,1620.0
Өвөрхангай,Хархорин,330,47.1948738,102.829567,1480.0
Өвөрхангай,Баруунбаян-Улаан,331,45.1760139,101.420982,1260.0
Өвөрхангай,Төгрөг,332,45.5391045,102.99897,1390.0
Өвөрхангай,Богд,338,44.67,102.17,1519.0
Өвөрхангай,Бат-Өлзий,707,46.81679,102.237984,1670.0
Өвөрхангай,Баянгол,708,45.81211,103.448349,1430.0
Өвөрхангай,Бүрд,710,46.97975,103.780045,1460.0
Өвөрхангай,Гучин-Ус,711,45.46311,102.424728,1475.0
Өвөрхангай,Зүйл,712,46.76,103.51,1750.0
Өвөрхангай,Зүүнбаян-Улаан,713,46.5204773,102.597527,1882.0
Өвөрхангай,Нарийнтээл,714,45.9610176,101.453308,1820.0
Өвөрхангай,Баруунхайрхан,715,46.6096573,103.548012,1628.0
Өвөрхангай,Сант,716,46.1015434,103.84304,1500.0
Өвөрхангай,Уянга,719,46.44696,102.302734,1980.0
Өвөрхангай,Хайрхандулаан,720,45.961834,102.0562,1850.0
Говь-Алтай,Хөхморьт,262,47.355835,94.523056,1445.0
Говь-Алтай,Тонхил,266,46.30361,93.91055,2221.0
Говь-Алтай,Бугат,268,45.5601158,94.3616943,2147.0
Говь-Алтай,Алтай,277,46.37754,96.2381,2180.0
Говь-Алтай,Ажбогд,324,44.61923,94.92341,1425.0
Говь-Алтай,Тоорой,325,44.9242973,96.7536545,1179.0
Говь-Алтай,Баян-Уул,591,46.9952774,95.20333,1841.0
Говь-Алтай,Бигэр,592,45.7082253,97.17658,1359.0
Говь-Алтай,Дарви,593,46.46417,94.105,1624.0
Говь-Алтай,Дэлгэр,594,46.3534737,97.3639145,1788.0
Говь-Алтай,Жаргалант,595,46.97,95.93667,1533.0
Говь-Алтай,Тайшир,596,46.71002,96.52404,1643.0
Говь-Алтай,Төгрөг,597,45.8275,94.8202744,1701.0
Говь-Алтай,Халиун,598,45.9276657,96.15853,1444.0
Говь-Алтай,Цогт,600,45.3449745,96.64117,2317.0
Говь-Алтай,Цээл,601,45.56881,95.8733444,2084.0
Говь-Алтай,Чандмань,602,45.3333321,97.99028,2287.0
Говь-Алтай,Шарга,603,46.2717,95.26754,1018.0
Говь-Алтай,Эрдэнэ,604,45.1616669,97.70778,2435.0
Говь-Алтай,Гуулин,605,46.5663872,97.29195,1825.0
ГовьСүмбэр,Чойр,298,46.3500366,108.3744,1286.0
ГовьСүмбэр,Баянтал,2981,46.4281,108.2461,1286.0
ГовьСүмбэр,Шивээговь,2982,46.4281,108.2461,1286.0
Дархан-Уул,Дархан,244,49.4905,105.939667,707.0
Дархан-Уул,Шаазгайт,251,49.2450562,106.411331,910.0
Дархан-Уул,Хонгор,931,49.309082,105.92379,720.0
Дархан-Уул,Шарын гол,932,49.8466721,106.149467,634.0
Дорноговь,Мандах,348,44.4014931,108.249458,1309.0
Дорноговь,Дэлгэрэх,351,45.7954445,111.210983,1065.0
Дорноговь,Сайншанд,354,44.87809,110.119286,968.0
Дорноговь,Улаан-Уул,357,44.44361,111.086113,992.0
Дорноговь,Замын-Үүд,358,43.7138977,111.904221,964.0
Дорноговь,Хөвсгөл,386,43.60462,109.636139,998.0
Дорноговь,Айраг,616,45.80123,109.317551,1238.0
Дорноговь,Алтанширээ,617,45.54479,110.468956,970.0
Дорноговь,Иххэт,620,46.25083,110.171112,1204.0
Дорноговь,Өргөн,621,44.72507,110.776489,980.0
Дорноговь,Сайхандулаан,622,44.6969452,109.026665,1264.0
Дорноговь,Улаанбадрах,623,43.8749,110.425507,993.0
Дорноговь,Хатанбулаг,624,43.1534,109.141983,1145.0
Дорнод,Онон,255,49.12361,112.663918,896.0
Дорнод,Дашбалбар,256,49.5509148,114.404495,706.0
Дорнод,Чойбалсан,259,48.08143,114.537842,747.0
Дорнод,Халхгол,313,47.6300468,118.622139,688.0
Дорнод,Матад,314,47.150013,115.672386,907.0
Дорнод,Баяндун,636,49.2461624,113.369789,910.0
Дорнод,Баянтүмэн,637,48.0535278,114.367264,793.0
Дорнод,Хэрлэн,638,48.4350471,114.882729,754.0
Дорнод,Булган,639,48.0001,113.95031,760.0
Дорнод,Гурванзагал,640,49.14488,114.875572,710.0
Дорнод,Сэргэлэн,641,48.5098877,114.022453,760.0
Дорнод,Халхгол,642,47.9879074,118.109314,585.0
Дорнод,Хөлөнбуйр,643,47.92173,112.961533,871.0
Дорнод,Цагаан-Овоо,644,48.5681343,113.236931,813.0
Дорнод,Эрээнцав,645,49.8669319,115.700905,600.0
Дундговь,Цагаандэлгэр,300,46.40522,107.637306,1393.0
Дундговь,Эрдэнэдалай,333,45.9987526,104.938164,1377.0
Дундговь,Сайхан-Овоо,336,45.4609451,103.900154,1316.0
Дундговь,Мандалговь,341,45.74304,106.264175,1393.0
Дундговь,Говь-Угтаал,342,46.049,107.484253,1481.0
Дундговь,Гурвансайхан,345,45.5282173,107.04467,1165.0
Дундговь,Адаацаг,656,46.39198,105.729813,1481.0
Дундговь,Баянжаргалан,657,45.75672,108.000343,1240.0
Дундговь,Дэлгэрхангай,659,45.23866,104.798325,1472.0
Дундговь,Дэрэн,661,46.20867,106.714668,1292.0
Дундговь,Луус,662,45.5116234,105.751945,1443.0
Дундговь,Өлзийт,663,44.93904,106.319893,1244.0
Дундговь,Өндөршил,664,45.23,108.27,1175.0
Дундговь,Хулд,665,45.2257423,105.552879,1337.0
Завхан,Дөрвөлжин,219,47.6465225,94.9992142,1391.0
Завхан,Нөмрөг,220,48.87053,96.961586,1848.0
Завхан,Баян-Уул,221,49.7005,96.3634,1420.0
Завхан,Цэцэн-Уул,224,48.748,96.00425,1928.0
Завхан,Тосонцэнгэл,225,48.7630539,98.2662,1722.0
Завхан,Завханмандал,227,48.3251953,95.09944,1443.0
Завхан,Улиастай,272,47.727005,96.84754,1776.0
Завхан,Отгон,274,47.20961,97.6047,2156.0
Завхан,Алдархаан,676,47.6453629,96.53423,1660.0
Завхан,Баянхайрхан,677,49.3041954,96.3436661,1888.0
Завхан,Идэр,679,48.212307,97.37283,1968.0
Завхан,Их-Уул,680,48.72239,98.79544,1655.0
Завхан,Сантмаргац,683,48.58325,95.42911,1569.0
Завхан,Сонгино,684,49.02,95.92303,1878.0
Завхан,Түдэвтэй,685,48.9847069,96.5447159,1777.0
Завхан,Тэлмэн,686,48.64192,97.615715,1796.0
Завхан,Тэс,687,49.65168,95.77491,1284.0
Завхан,Ургамал,688,48.51614,94.2864456,1273.0
Завхан,Цагаанхайрхан,689,47.49471,96.80617,1817.0
Завхан,Цагаанчулуут,690,47.11536,96.66385,2142.0
Завхан,Шилүүстэй,691,46.797554,97.19154,2164.0
Завхан,Эрдэнэхайрхан,692,48.1276665,95.71275,1886.0
Завхан,Яруу,693,48.1128349,96.76986,2097.0
Завхан,Асгат,694,49.42,96.65,
Өмнөговь,Сайхан,339,44.0953064,103.537766,1320.0
Өмнөговь,Цогт-Овоо,347,44.42286,105.317795,1298.0
Өмнөговь,Даланзадгад,373,43.5663872,104.43528,1470.0
Өмнөговь,Гурвантэс,374,43.2311,101.0425,1725.0
Өмнөговь,Манлай,382,44.07829,106.871941,1298.0
Өмнөговь,Ханбогд,385,43.1957626,107.193405,1114.0
Өмнөговь,Баяндалай,731,43.4685822,103.508347,1600.0
Өмнөговь,Баян-Овоо,732,42.97,106.12,1200.0
Өмнөговь,Мандал-Овоо,733,44.65596,104.056511,1305.0
Өмнөговь,Ноён,735,43.14836,102.131042,1800.0
Өмнөговь,Номгон,736,42.839695,105.135429,1491.0
Өмнөговь,Сэврэй,737,43.5868645,102.185738,1600.0
Өмнөговь,Хүрмэн,739,43.3018341,104.074814,1700.0
Өмнөговь,Цогтцэций,740,43.730896,105.575844,1490.0
Нийслэл,Хан-Уул,226,47.89417,106.8825,1284.0
Нийслэл,Тэрэлж,248,47.9886665,107.456566,1523.0
Нийслэл,Амгалан,249,47.911293,106.997116,1315.0
Нийслэл,Буянт-Ухаа,291,47.8494377,106.754784,1271.0
Нийслэл,Улаанбаатар,292,47.9184456,106.848343,1303.0
Нийслэл,Багануур,296,47.7828178,108.3624,1375.0
Нийслэл,Партизан,941,48.125885,106.627037,1321.0
Нийслэл,Өлзийт,942,47.79641,106.703117,1360.0
Нийслэл,Улиастай,950,47.90898,107.038177,1330.0
Нийслэл,Хуурай мухар,951,48.0663223,106.901329,1415.0
Нийслэл,Хужирбулан,952,47.91,107.08,1303.0
Нийслэл,ЦУОШГазар,2921,47.92,106.87,1272.0
Нийслэл,Залаат,2922,47.8804,106.9804,1354.0
Орхон,Улаантолгой,19,49.0663872,104.413612,1052.0
Орхон,Эрдэнэт-Овоо,236,49.0366859,104.085823,1300.0
Сүхбаатар,Баруун-Урт,305,46.6712761,113.284386,976.0
Сүхбаатар,Эрдэнэцагаан,317,45.90228,115.36264,1070.0
Сүхбаатар,Баяндэлгэр,352,45.72575,112.359032,1108.0
Сүхбаатар,Дарьганга,356,45.3080559,113.849808,1246.0
Сүхбаатар,Асгат,751,46.366066000000004,113.576347,1050.0
Сүхбаатар,Мөнххаан,753,46.9694443,112.05722,1225.0
Сүхбаатар,Наран,754,45.1295929,113.676247,1242.0
Сүхбаатар,Онгон,755,45.36,113.14,1040.0
Сүхбаатар,Сүхбаатар,756,46.7682762,113.874947,990.0
Сүхбаатар,Түвшинширээ,757,46.2099762,111.804779,1025.0
Сүхбаатар,Түмэнцогт,758,47.57814,112.349358,1100.0
Сүхбаатар,Уулбаян,759,46.4915,112.3534,1032.0
Сүхбаатар,Халзан,760,46.1698341,112.953,1039.0
Сэлэнгэ,Цагааннуур,209,50.1104431,105.451859,785.0
Сэлэнгэ,Сүхбаатар,240,50.2431335,106.172882,628.0
Сэлэнгэ,Баруунхараа,241,48.9131165,106.089752,808.0
Сэлэнгэ,Орхон,242,49.1437225,105.402473,753.0
Сэлэнгэ,Ерөө,243,49.7489166,106.661469,675.0
Сэлэнгэ,Орхонтуул,245,48.83522,104.806168,821.0
Сэлэнгэ,Зүүнхараа,253,48.8609428,106.442642,883.0
Сэлэнгэ,Баруунбүрэн,772,49.17073,104.836685,1100.0
Сэлэнгэ,Зүүнбүрэн,774,50.0713348,105.87397,629.0
Сэлэнгэ,Зэлтэр,779,50.32125,105.046219,748.0
Сэлэнгэ,Хүдэр,780,49.77436,107.521835,699.0
Сэлэнгэ,Бугант,783,49.42053,107.279724,794.0
Сэлэнгэ,Хушаат,784,49.6758347,105.821335,665.0
Төв,Баянчандмань,246,48.2273331,106.284584,1257.0
Төв,Угтаал,247,48.25811,105.405281,1143.0
Төв,Мөнгөнморьт,250,48.2063065,108.48658,1429.0
Төв,Жаргалант,252,48.5265,105.880859,1007.0
Төв,Эрдэнэсант,286,47.33339,104.493248,1358.0
Төв,Зуунмод,290,47.7075,106.934975,1549.0
Төв,Мааньт,294,47.2565575,107.53833,1426.0
Төв,Лүн,297,47.86661,105.251167,1012.0
Төв,Бүрэн,340,46.917305,105.0473,1274.0
Төв,Баян-Өнжүүл,344,47.04039,105.954308,1213.0
Төв,Алтанбулаг,370,47.695343,106.409737,1215.0
Төв,Залуучууд,793,48.4505539,105.318947,1059.0
Төв,Батсүмбэр,794,48.3637772,106.728249,1169.0
Төв,Баянжаргалан,796,47.1783066,108.257568,1375.0
Төв,Баянцагаан,799,46.7765,107.142365,1357.0
Төв,Борнуур,801,48.4686127,106.260307,1022.0
Төв,Дэлгэрхаан,803,46.6226654,104.56472,1552.0
Төв,Заамар,805,48.21739,104.7693,1163.0
Төв,Өндөрширээт,807,47.4491653,105.055641,1040.0
Төв,Нөхөрлөл,810,47.94,105.898056,1236.0
Төв,Эрдэнэ,811,47.7137566,107.790588,1574.0
Увс,Өндөрхангай,191,49.2708321,94.8611145,1859.0
Увс,Наранбулаг,199,49.3831139,92.5856247,1140.0
Увс,Малчин,201,49.72889,93.26861,1396.0
Увс,Хөх толгой,204,49.28073,90.91056,1419.0
Увс,Тэс,211,50.476387,93.60083,799.0
Увс,Улаангом,212,49.97162,92.07796,939.0
Увс,Баруунтуруун,213,49.65864,94.40406,1232.0
Увс,Хар-Ус,215,49.10499,91.72619,1588.0
Увс,Завхан,216,48.8216667,93.10306,1050.0
Увс,Бөхмөрөн,826,49.66703,90.29606,1496.0
Увс,Давст,827,50.61111,92.40361,864.0
Увс,Зүүнговь,828,49.905,93.78361,1000.0
Увс,Зүүнхангай,829,49.29954,95.24983,1790.0
Увс,Наранбулаг,831,49.4926,92.5856,1137.0
Увс,Өлгий,832,49.0330544,92.0372238,1590.0
Увс,Сагил,834,50.3366661,91.6080551,1132.0
Увс,Түргэн,836,50.0972,91.6676941,1226.0
Увс,Хар толгой,838,49.2818,90.9118,1200.0
Увс,Хяргас,839,49.67256,93.77813,1371.0
Увс,Цагаанхайрхан,840,49.4,94.25,1743.0
Хөвсгөл,Эрдэнэбулган,202,50.120224,101.583069,1150.0
Хөвсгөл,Рэнчинлхүмбэ,203,51.11395,99.6685638,1582.0
Хөвсгөл,Баянзүрх,206,50.1790123,98.97562,1632.0
Хөвсгөл,Хатгал,207,50.4393463,100.150658,1666.0
Хөвсгөл,Цагаан-Үүр,208,50.5523338,101.514427,1139.0
Хөвсгөл,Чандагат,222,49.5222931,97.73516,1745.0
Хөвсгөл,Рашаант,223,49.1211662,101.456085,1384.0
Хөвсгөл,Тариалан,230,49.6088676,101.985054,1217.0
Хөвсгөл,Мөрөн,231,49.6388054,100.166946,1288.0
Хөвсгөл,Шинэ-Идэр,234,48.950222,99.5348053,1700.0
Хөвсгөл,Жаргалан,238,48.58072,99.34784,1577.0
Хөвсгөл,Алаг-Эрдэнэ,876,50.1202049,100.045944,1570.0
Хөвсгөл,Арбулаг,877,49.91402,99.45155,1888.0
Хөвсгөл,Бүрэнтогтох,879,49.62106,99.58717,1338.0
Хөвсгөл,Галт,880,48.7683754,99.87555,1487.0
Хөвсгөл,Их-Уул,882,49.4389648,101.461769,1054.0
Хөвсгөл,Тосонцэнгэл,884,49.4742928,100.902466,1450.0
Хөвсгөл,Төмөрбулаг,885,49.2915154,100.251755,1433.0
Хөвсгөл,Түнэл,886,49.8579254,100.631561,1510.0
Хөвсгөл,Улаан-Уул,887,50.678093,99.22939,1684.0
Хөвсгөл,Ханх,888,51.49549,100.671036,1654.0
Хөвсгөл,Цагаан-Уул,889,49.603096,98.69322,1828.0
Хөвсгөл,Чандмань-Өндөр,891,50.47641,100.926849,1284.0
Хөвсгөл,Цагааннуур,893,51.3643341,99.3462753,1563.0
Хөвсгөл,Бор-Өндөр,921,46.2558,109.4244,1301.0
Ховд,Ховд,218,47.9958,91.6327,1405.0
Ховд,Мөнххайрхан,260,48.3325,92.63416,2095.0
Ховд,Зэрэг,264,47.1105537,92.8444443,1152.0
Ховд,Байтаг,265,46.0947,91.5526,1188.0
Ховд,Мөст,267,46.6941681,92.79472,2060.0
Ховд,Чандмань,269,47.6642,92.8125,1642.0
Ховд,Цэцэг,271,46.5908,93.2722,1720.0
Ховд,Манхан,361,47.4196,92.2241,1361.0
Ховд,Дунд-Ус,364,48.12634,91.3733749,1710.0
Ховд,Алтай,851,45.8099,92.291,1305.0
Ховд,Дарви,853,46.9373,93.6123,1468.0
Ховд,Дуут,854,47.52,91.61,2340.0
Ховд,Мянгад,858,48.2366676,91.92,1170.0
Ховд,Үенч,859,46.0661,92.039,1360.0
Ховд,Эрдэнэбүрэн,863,48.5030556,91.45167,1200.0
Ховд,Дөргөн,864,48.3325,92.63416,1184.0
Хэнтий,Дадал,254,49.021946,111.625,940.0
Хэнтий,Биндэр,257,48.61972,110.606941,1050.0
Хэнтий,Оргил,299,46.6318321,109.409386,1272.0
Хэнтий,Хэрлэнбаян-Улаан,301,47.2135277,108.7378,1251.0
Хэнтий,Баян-Овоо,302,47.7858772,112.1108,926.0
Хэнтий,Өмнөдэлгэр,303,47.8866653,109.803055,1050.0
Хэнтий,Өндөрхаан,304,47.3082275,110.624527,1030.0
Хэнтий,Галшар,307,46.24289,110.8401,1181.0
Хэнтий,Батноров,906,47.9486122,111.502777,1106.0
Хэнтий,Батширээт,907,48.6930542,110.194725,1032.0
Хэнтий,Баян-Адрага,908,48.55528,111.084167,1112.0
Хэнтий,Баянмөнх,909,46.9,109.762779,1243.0
Хэнтий,Баянхутаг,910,47.1713,110.8163,1240.0
Хэнтий,Дэлгэрхаан,912,47.1772232,109.189163,1339.0
Хэнтий,Жаргалтхаан,913,47.4941673,109.474724,1034.0
Хэнтий,Норовлин,915,48.41295,111.5923,1130.0
Хэнтий,Өлзийт,916,48.68833,111.995,1324.0
Хэнтий,Цэнхэрмандал,918,47.7474327,109.056213,1434.0
Хэнтий,Гурванбаян,919,48.1833344,110.316666,1206.0
